source,driving,frame
id10291#TMCTm7GxiDE#002960#003224.mp4,id10286#isKyMAYUOgg#004288#004420.mp4,0.0
id10283#arklnCzCq48#006950#007552.mp4,id10280#NXjT3732Ekg#001093#001192.mp4,0.0
id10292#57KbI2UvGss#019445#019556.mp4,id10283#oGZsanLiXsY#004205#004356.mp4,0.0
id10292#57KbI2UvGss#009507#009595.mp4,id10283#p5g1heXp34o#003148#003459.mp4,0.0
id10283#H4mDLFeGpLU#000596#001620.mp4,id10286#DPPq8w5ILrA#002140#002667.mp4,0.0
id10286#9K2YB1d8BqY#005197#005375.mp4,id10285#bd0jqkNxNdU#001584#002127.mp4,0.0
id10290#gTbcgoYXWdU#004460#004582.mp4,id10281#ni6gO5jDLJE#005216#005364.mp4,0.0
id10285#FUqAFZmZJ80#002494#002681.mp4,id10289#8l5ZnDf-FUA#007642#007754.mp4,0.0
id10283#gAKHqHbNt2g#017692#018552.mp4,id10284#YN4cTBWM-QE#021729#021933.mp4,0.0
id10291#oLJhH76d0kU#002289#002484.mp4,id10281#ni6gO5jDLJE#001027#001146.mp4,0.0
id10291#uiBjIKX_0l8#000793#001178.mp4,id10291#TMCTm7GxiDE#000181#000465.mp4,0.0
id10291#4aLg_keiGHw#001631#001901.mp4,id10283#p5g1heXp34o#005644#005893.mp4,0.0
id10286#isKyMAYUOgg#004288#004420.mp4,id10291#oa10caYOOzk#000789#000933.mp4,0.0
id10283#h87Y8nir1o0#009834#010003.mp4,id10286#DPPq8w5ILrA#004264#005148.mp4,0.0
id10292#ENIHEvg_VLM#013118#013201.mp4,id10283#vaK4t1-WD4M#026218#026372.mp4,0.0
id10286#9K2YB1d8BqY#003518#003707.mp4,id10291#d2Lasybvo7s#001885#002323.mp4,0.0
id10283#H4mDLFeGpLU#002221#002498.mp4,id10283#h87Y8nir1o0#001596#001720.mp4,0.0
id10287#RfDogGJ-UnM#000900#000988.mp4,id10286#a3QzK5pWpI4#006226#006387.mp4,0.0
id10283#uA1E_38TuTw#002329#002480.mp4,id10291#4aLg_keiGHw#001497#001678.mp4,0.0
id10285#Zdmm9Mrr8Ts#001165#001497.mp4,id10281#NHARUN9OhSo#002209#002570.mp4,0.0
id10283#oGZsanLiXsY#004205#004356.mp4,id10283#vaK4t1-WD4M#008441#008650.mp4,0.0
id10292#ENIHEvg_VLM#009413#009517.mp4,id10283#j8UugkSTzzk#002396#002699.mp4,0.0
id10290#cIi74VD0LF0#004448#004569.mp4,id10292#57KbI2UvGss#012058#012168.mp4,0.0
id10291#oLJhH76d0kU#000555#000782.mp4,id10287#MHoaMi5hKkE#000653#000756.mp4,0.0
id10292#57KbI2UvGss#016375#016489.mp4,id10283#vaK4t1-WD4M#017918#018056.mp4,0.0
id10283#vaK4t1-WD4M#015176#015467.mp4,id10283#p5g1heXp34o#001941#002356.mp4,0.0
id10282#Zbz058o9j6s#003945#004076.mp4,id10285#FUqAFZmZJ80#015959#016068.mp4,0.0
id10291#d2Lasybvo7s#005026#005502.mp4,id10291#TMCTm7GxiDE#004401#004540.mp4,0.0
id10286#9K2YB1d8BqY#001493#001925.mp4,id10291#7lrVxsJOOZ4#005563#005772.mp4,0.0
id10292#ENIHEvg_VLM#016288#016407.mp4,id10292#ENIHEvg_VLM#002288#002409.mp4,0.0
id10286#DPPq8w5ILrA#003645#003916.mp4,id10283#vaK4t1-WD4M#030432#030685.mp4,0.0
id10283#N69Hp2DGMLk#004133#005157.mp4,id10285#FUqAFZmZJ80#001889#001989.mp4,0.0
id10285#FUqAFZmZJ80#016189#016355.mp4,id10286#mYc2BIS0zWU#001692#001799.mp4,0.0
id10281#NHARUN9OhSo#006609#006906.mp4,id10283#N69Hp2DGMLk#007129#007281.mp4,0.0
id10283#vaK4t1-WD4M#014394#014574.mp4,id10283#vaK4t1-WD4M#021373#021976.mp4,0.0
id10286#mYc2BIS0zWU#002129#002234.mp4,id10286#isKyMAYUOgg#000581#000782.mp4,0.0
id10289#8l5ZnDf-FUA#008599#008959.mp4,id10291#uiBjIKX_0l8#000067#000277.mp4,0.0
id10283#N69Hp2DGMLk#005931#006184.mp4,id10283#r9-0pljhZqs#003725#003847.mp4,0.0
id10283#p5g1heXp34o#004220#004509.mp4,id10292#0zvzJa5HOUQ#006139#006273.mp4,0.0
id10281#ni6gO5jDLJE#002385#002547.mp4,id10291#d2Lasybvo7s#000298#000704.mp4,0.0
id10282#qkZNuvX1UNo#002389#002522.mp4,id10289#3g9CjhcNEWk#002484#002710.mp4,0.0
id10283#vaK4t1-WD4M#009581#009709.mp4,id10289#8l5ZnDf-FUA#005635#005731.mp4,0.0
id10291#TMCTm7GxiDE#004401#004540.mp4,id10283#u3s9xdUlmmk#002705#003304.mp4,0.0
id10292#57KbI2UvGss#006644#006763.mp4,id10286#DPPq8w5ILrA#001407#001578.mp4,0.0
id10291#iPZGPcrYIZs#000192#000338.mp4,id10286#PlJd6NVoigs#004735#004987.mp4,0.0
id10291#oa10caYOOzk#000789#000933.mp4,id10291#d2Lasybvo7s#004279#004756.mp4,0.0
id10281#ni6gO5jDLJE#001027#001146.mp4,id10286#DPPq8w5ILrA#001042#001400.mp4,0.0
id10283#vaK4t1-WD4M#020236#020391.mp4,id10290#cIi74VD0LF0#003228#003677.mp4,0.0
id10283#H4mDLFeGpLU#002742#003190.mp4,id10283#N69Hp2DGMLk#004133#005157.mp4,0.0
id10286#isKyMAYUOgg#007446#007605.mp4,id10292#ENIHEvg_VLM#003948#004065.mp4,0.0
id10283#p5g1heXp34o#005026#005627.mp4,id10290#gTbcgoYXWdU#001835#001985.mp4,0.0
id10290#0bA1AJCGEOo#003431#003598.mp4,id10283#uA1E_38TuTw#001699#001863.mp4,0.0
id10289#GIhCMsZrHF0#000741#000913.mp4,id10283#vaK4t1-WD4M#009812#010091.mp4,0.0
id10286#FP4TghS5_UQ#004054#004185.mp4,id10283#vaK4t1-WD4M#026109#026212.mp4,0.0
id10292#ENIHEvg_VLM#002688#002867.mp4,id10281#NHARUN9OhSo#006912#007284.mp4,0.0
id10292#ENIHEvg_VLM#000710#000798.mp4,id10283#j8UugkSTzzk#003324#004348.mp4,0.0
id10283#p3q7Z0O6rgg#000694#001626.mp4,id10291#4aLg_keiGHw#000101#000460.mp4,0.0
id10291#TMCTm7GxiDE#003459#003580.mp4,id10286#9K2YB1d8BqY#005478#005818.mp4,0.0
id10283#vv4mvANXHcs#005425#005868.mp4,id10281#FL2UicCNcwI#001150#001267.mp4,0.0
id10286#ZAK9gLYNqPs#004482#004798.mp4,id10292#ENIHEvg_VLM#009413#009517.mp4,0.0
id10283#p5g1heXp34o#003148#003459.mp4,id10284#Rzpm9hlXV6I#005604#005821.mp4,0.0
id10286#ZAK9gLYNqPs#000981#001170.mp4,id10292#ENIHEvg_VLM#011570#011689.mp4,0.0
id10291#4aLg_keiGHw#000720#000820.mp4,id10281#ni6gO5jDLJE#006849#007013.mp4,0.0
id10292#ENIHEvg_VLM#014399#014546.mp4,id10289#GIhCMsZrHF0#000963#001096.mp4,0.0
id10283#N69Hp2DGMLk#000721#000842.mp4,id10283#vaK4t1-WD4M#021064#021192.mp4,0.0
id10291#kt4P4cyTpWQ#004971#005071.mp4,id10285#FUqAFZmZJ80#002895#003020.mp4,0.0
id10283#vaK4t1-WD4M#004014#004148.mp4,id10285#m-uILToQ9ss#004424#004520.mp4,0.0
id10287#V0ubcXO71Sg#005327#005538.mp4,id10283#vaK4t1-WD4M#015176#015467.mp4,0.0
id10285#Zdmm9Mrr8Ts#000155#000328.mp4,id10291#iPZGPcrYIZs#003641#003830.mp4,0.0
id10282#Zbz058o9j6s#002664#002764.mp4,id10283#vaK4t1-WD4M#009311#009459.mp4,0.0
id10285#Zdmm9Mrr8Ts#001047#001165.mp4,id10291#oa10caYOOzk#000065#000363.mp4,0.0
id10291#TMCTm7GxiDE#000181#000465.mp4,id10283#N69Hp2DGMLk#000519#000619.mp4,0.0
id10292#57KbI2UvGss#015883#016006.mp4,id10282#IDA_ElNHLn4#000674#000852.mp4,0.0
id10286#FP4TghS5_UQ#003694#004036.mp4,id10283#vaK4t1-WD4M#017099#017201.mp4,0.0
id10283#N69Hp2DGMLk#006405#006583.mp4,id10291#4aLg_keiGHw#000720#000820.mp4,0.0
id10283#r9-0pljhZqs#003725#003847.mp4,id10292#ENIHEvg_VLM#002688#002867.mp4,0.0
id10282#neQO6_CUY4w#002598#002743.mp4,id10283#vaK4t1-WD4M#030267#030426.mp4,0.0
id10292#57KbI2UvGss#012697#012848.mp4,id10285#m-uILToQ9ss#007090#007351.mp4,0.0
id10291#oa10caYOOzk#000378#000529.mp4,id10286#isKyMAYUOgg#011210#011721.mp4,0.0
id10283#vaK4t1-WD4M#030432#030685.mp4,id10286#DPPq8w5ILrA#000435#000549.mp4,0.0
id10292#ENIHEvg_VLM#018132#018308.mp4,id10291#iPZGPcrYIZs#000192#000338.mp4,0.0
id10286#DPPq8w5ILrA#002140#002667.mp4,id10286#9K2YB1d8BqY#006206#006519.mp4,0.0
id10283#u3s9xdUlmmk#003384#003757.mp4,id10285#FUqAFZmZJ80#003826#003938.mp4,0.0
id10287#bP0bKbQQlzc#004126#004455.mp4,id10286#isKyMAYUOgg#000805#000972.mp4,0.0
id10286#mYc2BIS0zWU#001692#001799.mp4,id10289#sf4uMnkYFG8#006920#007944.mp4,0.0
id10290#FgJsZ26_AXU#023990#024098.mp4,id10291#TMCTm7GxiDE#000938#001564.mp4,0.0
id10283#vaK4t1-WD4M#017099#017201.mp4,id10281#NHARUN9OhSo#007425#007663.mp4,0.0
id10286#9K2YB1d8BqY#000979#001081.mp4,id10283#p3q7Z0O6rgg#002483#002737.mp4,0.0
id10283#uA1E_38TuTw#003246#003371.mp4,id10283#h87Y8nir1o0#009834#010003.mp4,0.0
id10292#ENIHEvg_VLM#009003#009125.mp4,id10282#qkZNuvX1UNo#003837#004064.mp4,0.0
id10286#DPPq8w5ILrA#000435#000549.mp4,id10289#8l5ZnDf-FUA#000563#000701.mp4,0.0
id10290#cIi74VD0LF0#001108#001207.mp4,id10290#KacOkTDTi-g#001178#001596.mp4,0.0
id10281#dX8RBKI2FKc#005153#005367.mp4,id10286#9K2YB1d8BqY#001310#001474.mp4,0.0
id10291#TMCTm7GxiDE#001732#002080.mp4,id10283#r9-0pljhZqs#014722#014831.mp4,0.0
id10283#N69Hp2DGMLk#005157#005316.mp4,id10290#cIi74VD0LF0#004448#004569.mp4,0.0
id10283#uA1E_38TuTw#003095#003227.mp4,id10286#9K2YB1d8BqY#003725#003904.mp4,0.0
id10291#iPZGPcrYIZs#001845#001954.mp4,id10286#FP4TghS5_UQ#003694#004036.mp4,0.0
id10283#vaK4t1-WD4M#015527#016270.mp4,id10292#57KbI2UvGss#009507#009595.mp4,0.0
id10283#oGZsanLiXsY#004515#005047.mp4,id10281#ni6gO5jDLJE#006024#006145.mp4,0.0
id10285#bd0jqkNxNdU#003857#004109.mp4,id10289#Rn0Z_lIiL1w#000852#001047.mp4,0.0
id10284#EoCPhxtWUOc#002260#002691.mp4,id10291#kt4P4cyTpWQ#007143#007287.mp4,0.0
id10286#0sETQ5nxvf8#001586#001673.mp4,id10283#vaK4t1-WD4M#010095#010381.mp4,0.0
id10283#H4mDLFeGpLU#001840#002218.mp4,id10283#cmG1DiHm-fM#005236#005535.mp4,0.0
id10285#m-uILToQ9ss#004424#004520.mp4,id10283#j8UugkSTzzk#003016#003315.mp4,0.0
id10292#57KbI2UvGss#007684#007832.mp4,id10286#DPPq8w5ILrA#003072#003200.mp4,0.0
id10283#vaK4t1-WD4M#032922#033189.mp4,id10283#u3s9xdUlmmk#000309#000433.mp4,0.0
id10282#qkZNuvX1UNo#005006#005131.mp4,id10287#4oOmqI1myzY#000153#000298.mp4,0.0
id10292#ENIHEvg_VLM#017575#017702.mp4,id10285#Zdmm9Mrr8Ts#000155#000328.mp4,0.0
id10291#kt4P4cyTpWQ#001677#001805.mp4,id10286#isKyMAYUOgg#007446#007605.mp4,0.0
id10285#m-uILToQ9ss#004020#004263.mp4,id10283#r9-0pljhZqs#010121#010605.mp4,0.0
id10283#vaK4t1-WD4M#021064#021192.mp4,id10291#aQ6uxeakacs#000109#000585.mp4,0.0
id10286#isKyMAYUOgg#011210#011721.mp4,id10292#57KbI2UvGss#015883#016006.mp4,0.0
id10281#NHARUN9OhSo#000605#000886.mp4,id10286#isKyMAYUOgg#001010#001212.mp4,0.0
id10285#Zdmm9Mrr8Ts#000670#000835.mp4,id10292#ENIHEvg_VLM#017575#017702.mp4,0.0
id10291#kt4P4cyTpWQ#001106#001234.mp4,id10292#57KbI2UvGss#019445#019556.mp4,0.0
id10283#vaK4t1-WD4M#005195#005399.mp4,id10292#ENIHEvg_VLM#000710#000798.mp4,0.0
id10292#57KbI2UvGss#009063#009162.mp4,id10291#oa10caYOOzk#001144#001623.mp4,0.0
id10281#FL2UicCNcwI#002368#002474.mp4,id10283#r9-0pljhZqs#014864#015079.mp4,0.0
id10291#4aLg_keiGHw#001497#001678.mp4,id10290#0bA1AJCGEOo#003431#003598.mp4,0.0
id10286#9K2YB1d8BqY#005478#005818.mp4,id10283#u3s9xdUlmmk#003384#003757.mp4,0.0
id10286#9K2YB1d8BqY#007327#007598.mp4,id10282#neQO6_CUY4w#000166#000386.mp4,0.0
id10283#r9-0pljhZqs#013264#013592.mp4,id10283#j8UugkSTzzk#004348#004879.mp4,0.0
id10286#mYc2BIS0zWU#001946#002062.mp4,id10283#N69Hp2DGMLk#006405#006583.mp4,0.0
id10292#ENIHEvg_VLM#003948#004065.mp4,id10282#37XQxZ5lBD8#000876#001020.mp4,0.0
id10286#9K2YB1d8BqY#003395#003502.mp4,id10291#aQ6uxeakacs#000855#001332.mp4,0.0
id10286#mYc2BIS0zWU#002318#002453.mp4,id10292#ENIHEvg_VLM#014399#014546.mp4,0.0
id10289#GIhCMsZrHF0#000314#000456.mp4,id10286#ZAK9gLYNqPs#000981#001170.mp4,0.0
id10292#57KbI2UvGss#012058#012168.mp4,id10286#DPPq8w5ILrA#002909#003357.mp4,0.0
id10291#98qWWArcL3Y#007724#008134.mp4,id10286#ZAK9gLYNqPs#005256#005448.mp4,0.0
id10283#j8UugkSTzzk#004924#005462.mp4,id10287#bP0bKbQQlzc#004126#004455.mp4,0.0
id10286#9K2YB1d8BqY#000443#000552.mp4,id10283#vaK4t1-WD4M#021249#021369.mp4,0.0
id10286#a3QzK5pWpI4#006226#006387.mp4,id10281#ni6gO5jDLJE#001162#001282.mp4,0.0
id10291#d2Lasybvo7s#005575#005754.mp4,id10291#4aLg_keiGHw#001217#001424.mp4,0.0
id10282#neQO6_CUY4w#002276#002495.mp4,id10283#N69Hp2DGMLk#000721#000842.mp4,0.0
id10283#h87Y8nir1o0#002095#002283.mp4,id10286#isKyMAYUOgg#010624#010965.mp4,0.0
id10286#DPPq8w5ILrA#004264#005148.mp4,id10283#p3q7Z0O6rgg#000694#001626.mp4,0.0
id10283#vaK4t1-WD4M#020502#020710.mp4,id10291#iPZGPcrYIZs#000495#000824.mp4,0.0
id10283#u3s9xdUlmmk#000309#000433.mp4,id10283#r9-0pljhZqs#004062#004408.mp4,0.0
id10287#4oOmqI1myzY#000153#000298.mp4,id10282#neQO6_CUY4w#001043#001882.mp4,0.0
id10283#u3s9xdUlmmk#003759#004783.mp4,id10283#vaK4t1-WD4M#016724#016878.mp4,0.0
id10286#9K2YB1d8BqY#003725#003904.mp4,id10283#uA1E_38TuTw#003246#003371.mp4,0.0
id10290#KacOkTDTi-g#001178#001596.mp4,id10281#ni6gO5jDLJE#004685#004875.mp4,0.0
id10280#XiKRlssBw2M#002515#002899.mp4,id10292#57KbI2UvGss#019801#020010.mp4,0.0
id10283#arklnCzCq48#005926#006950.mp4,id10285#m-uILToQ9ss#004020#004263.mp4,0.0
id10286#mYc2BIS0zWU#002507#002601.mp4,id10286#ZAK9gLYNqPs#004482#004798.mp4,0.0
id10285#m-uILToQ9ss#003683#004017.mp4,id10281#FL2UicCNcwI#002009#002086.mp4,0.0
id10291#d2Lasybvo7s#001197#001806.mp4,id10289#8l5ZnDf-FUA#008599#008959.mp4,0.0
id10291#kt4P4cyTpWQ#001903#002115.mp4,id10283#oGZsanLiXsY#003740#004102.mp4,0.0
id10285#FUqAFZmZJ80#003826#003938.mp4,id10291#iPZGPcrYIZs#002797#003299.mp4,0.0
id10283#vaK4t1-WD4M#020847#021012.mp4,id10286#9K2YB1d8BqY#002627#002747.mp4,0.0
id10286#DPPq8w5ILrA#001407#001578.mp4,id10286#J37FfHHefdc#000455#000592.mp4,0.0
id10280#XiKRlssBw2M#002006#002397.mp4,id10283#p5g1heXp34o#004220#004509.mp4,0.0
id10280#XiKRlssBw2M#001538#002000.mp4,id10283#H4mDLFeGpLU#002544#002691.mp4,0.0
id10291#4aLg_keiGHw#000101#000460.mp4,id10292#57KbI2UvGss#006644#006763.mp4,0.0
id10281#ni6gO5jDLJE#007321#007504.mp4,id10292#0zvzJa5HOUQ#006644#006760.mp4,0.0
id10292#57KbI2UvGss#011687#011827.mp4,id10283#Ma_3RlzPUOM#003423#003642.mp4,0.0
id10291#iPZGPcrYIZs#003641#003830.mp4,id10292#57KbI2UvGss#014955#015160.mp4,0.0
id10283#u3s9xdUlmmk#004783#004890.mp4,id10283#vaK4t1-WD4M#014574#014658.mp4,0.0
id10283#gAKHqHbNt2g#018411#018599.mp4,id10283#j8UugkSTzzk#001255#001361.mp4,0.0
id10280#NXjT3732Ekg#001093#001192.mp4,id10287#V0ubcXO71Sg#005153#005311.mp4,0.0
id10283#vaK4t1-WD4M#026218#026372.mp4,id10285#bd0jqkNxNdU#002765#003008.mp4,0.0
id10282#qkZNuvX1UNo#002113#002289.mp4,id10283#oGZsanLiXsY#004515#005047.mp4,0.0
id10283#p5g1heXp34o#000917#001941.mp4,id10286#isKyMAYUOgg#000362#000570.mp4,0.0
id10283#cmG1DiHm-fM#001596#001719.mp4,id10291#oLJhH76d0kU#002289#002484.mp4,0.0
id10286#DPPq8w5ILrA#000600#000977.mp4,id10285#m-uILToQ9ss#006301#006496.mp4,0.0
id10283#p5g1heXp34o#001941#002356.mp4,id10286#9K2YB1d8BqY#003395#003502.mp4,0.0
id10282#Zbz058o9j6s#004162#004270.mp4,id10283#vaK4t1-WD4M#009581#009709.mp4,0.0
id10286#isKyMAYUOgg#001010#001212.mp4,id10283#N69Hp2DGMLk#006184#006353.mp4,0.0
id10286#iH0jGPqp3Hc#004715#005000.mp4,id10283#vaK4t1-WD4M#007400#007564.mp4,0.0
id10283#p5g1heXp34o#005644#005893.mp4,id10283#j8UugkSTzzk#000812#001170.mp4,0.0
id10291#iPZGPcrYIZs#002797#003299.mp4,id10283#rUnfAxF1dJI#001389#001843.mp4,0.0
id10283#u3s9xdUlmmk#002068#002339.mp4,id10283#p3q7Z0O6rgg#000270#000454.mp4,0.0
id10281#ni6gO5jDLJE#000584#000815.mp4,id10282#Zbz058o9j6s#004557#004656.mp4,0.0
id10292#ENIHEvg_VLM#002428#002673.mp4,id10283#h87Y8nir1o0#002611#002725.mp4,0.0
id10286#DPPq8w5ILrA#001042#001400.mp4,id10283#vaK4t1-WD4M#020236#020391.mp4,0.0
id10291#d2Lasybvo7s#000298#000704.mp4,id10286#9K2YB1d8BqY#002759#002883.mp4,0.0
id10283#h87Y8nir1o0#012592#013069.mp4,id10290#KacOkTDTi-g#000035#000595.mp4,0.0
id10283#j8UugkSTzzk#001255#001361.mp4,id10283#u3s9xdUlmmk#004997#005192.mp4,0.0
id10287#MHoaMi5hKkE#001008#001291.mp4,id10282#qkZNuvX1UNo#001302#001484.mp4,0.0
id10283#j8UugkSTzzk#004348#004879.mp4,id10280#XiKRlssBw2M#002006#002397.mp4,0.0
id10283#vv4mvANXHcs#006391#007149.mp4,id10291#4aLg_keiGHw#001631#001901.mp4,0.0
id10292#0zvzJa5HOUQ#005241#005385.mp4,id10290#gTbcgoYXWdU#001513#001814.mp4,0.0
id10285#FUqAFZmZJ80#017690#017853.mp4,id10281#dX8RBKI2FKc#006572#006772.mp4,0.0
id10283#p3q7Z0O6rgg#002483#002737.mp4,id10285#m-uILToQ9ss#004267#004374.mp4,0.0
id10292#ENIHEvg_VLM#011570#011689.mp4,id10283#vv4mvANXHcs#004786#005158.mp4,0.0
id10283#vaK4t1-WD4M#032200#032746.mp4,id10281#FL2UicCNcwI#001076#001150.mp4,0.0
id10284#YN4cTBWM-QE#021729#021933.mp4,id10285#FUqAFZmZJ80#001330#001433.mp4,0.0
id10286#ZAK9gLYNqPs#001223#001605.mp4,id10284#EoCPhxtWUOc#002260#002691.mp4,0.0
id10286#9K2YB1d8BqY#002759#002883.mp4,id10283#vaK4t1-WD4M#005195#005399.mp4,0.0
id10285#FUqAFZmZJ80#001330#001433.mp4,id10286#mYc2BIS0zWU#002129#002234.mp4,0.0
id10292#57KbI2UvGss#014693#014830.mp4,id10291#kt4P4cyTpWQ#001337#001491.mp4,0.0
id10283#h87Y8nir1o0#002611#002725.mp4,id10287#MHoaMi5hKkE#000266#000468.mp4,0.0
id10287#MHoaMi5hKkE#000653#000756.mp4,id10284#YN4cTBWM-QE#020799#021121.mp4,0.0
id10282#qkZNuvX1UNo#006234#006454.mp4,id10285#FUqAFZmZJ80#019664#019961.mp4,0.0
id10283#r9-0pljhZqs#011158#011299.mp4,id10283#N69Hp2DGMLk#006600#007118.mp4,0.0
id10282#neQO6_CUY4w#003346#003890.mp4,id10283#vaK4t1-WD4M#004255#004973.mp4,0.0
id10285#m-uILToQ9ss#000695#000826.mp4,id10287#V0ubcXO71Sg#005327#005538.mp4,0.0
id10283#vaK4t1-WD4M#034732#034919.mp4,id10283#j8UugkSTzzk#001372#002396.mp4,0.0
id10292#0zvzJa5HOUQ#006139#006273.mp4,id10285#m-uILToQ9ss#001686#001943.mp4,0.0
id10286#DPPq8w5ILrA#003930#004117.mp4,id10292#57KbI2UvGss#007684#007832.mp4,0.0
id10286#isKyMAYUOgg#000362#000570.mp4,id10283#vaK4t1-WD4M#003749#003881.mp4,0.0
id10291#kt4P4cyTpWQ#002313#002413.mp4,id10289#zFii0ROZZjc#000643#000821.mp4,0.0
id10283#r9-0pljhZqs#008373#008488.mp4,id10283#vaK4t1-WD4M#014822#015172.mp4,0.0
id10283#vaK4t1-WD4M#026109#026212.mp4,id10292#57KbI2UvGss#006139#006254.mp4,0.0
id10283#N69Hp2DGMLk#000893#001589.mp4,id10286#isKyMAYUOgg#010454#010602.mp4,0.0
id10291#kt4P4cyTpWQ#005276#005437.mp4,id10290#gTbcgoYXWdU#000481#000592.mp4,0.0
id10281#ni6gO5jDLJE#004685#004875.mp4,id10286#DPPq8w5ILrA#002720#002883.mp4,0.0
id10286#isKyMAYUOgg#010454#010602.mp4,id10282#neQO6_CUY4w#000765#001023.mp4,0.0
id10291#oa10caYOOzk#000065#000363.mp4,id10281#FL2UicCNcwI#002368#002474.mp4,0.0
id10291#d2Lasybvo7s#003706#004155.mp4,id10281#ni6gO5jDLJE#006514#006821.mp4,0.0
id10281#ni6gO5jDLJE#006849#007013.mp4,id10281#dX8RBKI2FKc#005153#005367.mp4,0.0
id10282#neQO6_CUY4w#002906#003048.mp4,id10281#dX8RBKI2FKc#002838#003031.mp4,0.0
id10283#j8UugkSTzzk#001372#002396.mp4,id10281#NHARUN9OhSo#000605#000886.mp4,0.0
id10290#cIi74VD0LF0#004590#004880.mp4,id10289#GIhCMsZrHF0#000314#000456.mp4,0.0
id10286#DPPq8w5ILrA#002720#002883.mp4,id10283#vaK4t1-WD4M#005082#005192.mp4,0.0
id10283#vaK4t1-WD4M#010562#010679.mp4,id10291#ibDSPLFJIu0#001082#001731.mp4,0.0
id10282#neQO6_CUY4w#000765#001023.mp4,id10291#98qWWArcL3Y#006340#006642.mp4,0.0
id10291#aQ6uxeakacs#001405#001583.mp4,id10290#cIi74VD0LF0#000811#001065.mp4,0.0
id10289#3g9CjhcNEWk#000935#001219.mp4,id10283#p5g1heXp34o#004568#005005.mp4,0.0
id10291#oLJhH76d0kU#000067#000322.mp4,id10285#FUqAFZmZJ80#008142#008336.mp4,0.0
id10290#cIi74VD0LF0#000811#001065.mp4,id10282#qkZNuvX1UNo#005006#005131.mp4,0.0
id10285#FUqAFZmZJ80#002043#002280.mp4,id10283#vaK4t1-WD4M#010435#010540.mp4,0.0
id10291#7lrVxsJOOZ4#005563#005772.mp4,id10286#9K2YB1d8BqY#002906#003075.mp4,0.0
id10285#bd0jqkNxNdU#002127#002316.mp4,id10292#57KbI2UvGss#009437#009507.mp4,0.0
id10283#r9-0pljhZqs#010121#010605.mp4,id10286#9K2YB1d8BqY#007056#007176.mp4,0.0
id10282#neQO6_CUY4w#004095#004226.mp4,id10285#FUqAFZmZJ80#008726#008862.mp4,0.0
id10283#j8UugkSTzzk#000812#001170.mp4,id10283#r9-0pljhZqs#007271#007498.mp4,0.0
id10285#m-uILToQ9ss#005975#006087.mp4,id10287#RfDogGJ-UnM#001114#001235.mp4,0.0
id10281#ni6gO5jDLJE#006514#006821.mp4,id10292#57KbI2UvGss#012310#012443.mp4,0.0
id10283#vaK4t1-WD4M#030073#030261.mp4,id10285#FUqAFZmZJ80#008458#008688.mp4,0.0
id10291#ibDSPLFJIu0#001886#002335.mp4,id10291#kt4P4cyTpWQ#002313#002413.mp4,0.0
id10286#0sETQ5nxvf8#001227#001472.mp4,id10291#iPZGPcrYIZs#002071#002715.mp4,0.0
id10285#m-uILToQ9ss#003561#003669.mp4,id10287#RfDogGJ-UnM#000988#001052.mp4,0.0
id10283#r9-0pljhZqs#002414#002769.mp4,id10283#u3s9xdUlmmk#005241#006005.mp4,0.0
id10292#57KbI2UvGss#013987#014099.mp4,id10283#p5g1heXp34o#005026#005627.mp4,0.0
id10291#TMCTm7GxiDE#002685#002794.mp4,id10285#FUqAFZmZJ80#006862#007028.mp4,0.0
id10291#kt4P4cyTpWQ#001337#001491.mp4,id10291#4aLg_keiGHw#002402#002647.mp4,0.0
id10292#ENIHEvg_VLM#015542#015783.mp4,id10283#vv4mvANXHcs#000323#001347.mp4,0.0
id10283#u3s9xdUlmmk#001259#001943.mp4,id10290#jjzisko126k#001017#001182.mp4,0.0
id10283#u3s9xdUlmmk#004997#005192.mp4,id10282#qkZNuvX1UNo#002913#003095.mp4,0.0
id10287#bP0bKbQQlzc#003288#003417.mp4,id10286#iH0jGPqp3Hc#001068#001316.mp4,0.0
id10281#dX8RBKI2FKc#002838#003031.mp4,id10283#uA1E_38TuTw#002875#002990.mp4,0.0
id10283#vaK4t1-WD4M#003749#003881.mp4,id10291#kt4P4cyTpWQ#001903#002115.mp4,0.0
id10283#p5g1heXp34o#003739#003945.mp4,id10285#FUqAFZmZJ80#014249#014381.mp4,0.0
id10291#98qWWArcL3Y#008185#008314.mp4,id10283#vaK4t1-WD4M#031209#031448.mp4,0.0
id10285#FUqAFZmZJ80#020319#020422.mp4,id10282#qkZNuvX1UNo#000420#000641.mp4,0.0
id10281#dX8RBKI2FKc#006572#006772.mp4,id10289#zFii0ROZZjc#002582#002807.mp4,0.0
id10289#zFii0ROZZjc#002582#002807.mp4,id10282#neQO6_CUY4w#003346#003890.mp4,0.0
id10289#8l5ZnDf-FUA#005635#005731.mp4,id10283#p5g1heXp34o#002657#003143.mp4,0.0
id10292#ENIHEvg_VLM#011254#011356.mp4,id10291#98qWWArcL3Y#008185#008314.mp4,0.0
id10292#ENIHEvg_VLM#002288#002409.mp4,id10285#Zdmm9Mrr8Ts#000670#000835.mp4,0.0
id10292#ENIHEvg_VLM#009808#009917.mp4,id10283#h87Y8nir1o0#002095#002283.mp4,0.0
id10292#57KbI2UvGss#006139#006254.mp4,id10282#qkZNuvX1UNo#003298#003436.mp4,0.0
id10286#isKyMAYUOgg#007215#007387.mp4,id10291#ibDSPLFJIu0#001886#002335.mp4,0.0
id10283#p5g1heXp34o#004025#004216.mp4,id10286#mYc2BIS0zWU#002318#002453.mp4,0.0
id10281#NHARUN9OhSo#007425#007663.mp4,id10283#p5g1heXp34o#000917#001941.mp4,0.0
id10289#Fvm877eQSqE#002663#002802.mp4,id10286#DPPq8w5ILrA#000600#000977.mp4,0.0
id10290#gTbcgoYXWdU#000698#001023.mp4,id10291#7lrVxsJOOZ4#005803#005909.mp4,0.0
id10292#57KbI2UvGss#009437#009507.mp4,id10283#vaK4t1-WD4M#031553#031737.mp4,0.0
id10281#ni6gO5jDLJE#003515#003915.mp4,id10291#oLJhH76d0kU#000555#000782.mp4,0.0
id10283#h87Y8nir1o0#001596#001720.mp4,id10291#aQ6uxeakacs#001405#001583.mp4,0.0
id10282#IDA_ElNHLn4#000674#000852.mp4,id10289#zFii0ROZZjc#001119#001309.mp4,0.0
id10283#vaK4t1-WD4M#010095#010381.mp4,id10286#0sETQ5nxvf8#001227#001472.mp4,0.0
id10291#iPZGPcrYIZs#003385#003485.mp4,id10283#vaK4t1-WD4M#003530#003667.mp4,0.0
id10283#vaK4t1-WD4M#017918#018056.mp4,id10291#d2Lasybvo7s#001197#001806.mp4,0.0
id10292#57KbI2UvGss#013030#013309.mp4,id10285#FUqAFZmZJ80#006300#006400.mp4,0.0
id10281#ni6gO5jDLJE#004902#005086.mp4,id10281#ni6gO5jDLJE#000045#000170.mp4,0.0
id10283#cmG1DiHm-fM#002612#002723.mp4,id10286#ZAK9gLYNqPs#001223#001605.mp4,0.0
id10283#vaK4t1-WD4M#005082#005192.mp4,id10292#57KbI2UvGss#010365#010549.mp4,0.0
id10291#oLJhH76d0kU#000946#001054.mp4,id10292#ENIHEvg_VLM#017145#017319.mp4,0.0
id10283#vaK4t1-WD4M#031209#031448.mp4,id10283#p3q7Z0O6rgg#002183#002402.mp4,0.0
id10283#H4mDLFeGpLU#001620#001836.mp4,id10291#oLJhH76d0kU#001745#001888.mp4,0.0
id10281#FL2UicCNcwI#001076#001150.mp4,id10281#ni6gO5jDLJE#003515#003915.mp4,0.0
id10292#0zvzJa5HOUQ#005552#005758.mp4,id10292#ENIHEvg_VLM#001535#001649.mp4,0.0
id10285#bd0jqkNxNdU#002765#003008.mp4,id10283#vaK4t1-WD4M#032200#032746.mp4,0.0
id10286#9K2YB1d8BqY#001310#001474.mp4,id10286#mYc2BIS0zWU#002507#002601.mp4,0.0
id10283#vaK4t1-WD4M#017800#017906.mp4,id10283#vv4mvANXHcs#005425#005868.mp4,0.0
id10286#9K2YB1d8BqY#000781#000963.mp4,id10283#r9-0pljhZqs#011158#011299.mp4,0.0
id10285#Zdmm9Mrr8Ts#000390#000559.mp4,id10283#p5g1heXp34o#000364#000774.mp4,0.0
id10291#4aLg_keiGHw#001217#001424.mp4,id10286#isKyMAYUOgg#004429#004634.mp4,0.0
id10283#r9-0pljhZqs#004062#004408.mp4,id10283#vaK4t1-WD4M#032922#033189.mp4,0.0
id10286#DPPq8w5ILrA#003072#003200.mp4,id10280#XiKRlssBw2M#001538#002000.mp4,0.0
id10283#vaK4t1-WD4M#004255#004973.mp4,id10283#vaK4t1-WD4M#017283#017797.mp4,0.0
id10283#vaK4t1-WD4M#003530#003667.mp4,id10282#qkZNuvX1UNo#000766#000891.mp4,0.0
id10283#vaK4t1-WD4M#000782#000893.mp4,id10285#FUqAFZmZJ80#002043#002280.mp4,0.0
id10289#3g9CjhcNEWk#004606#004846.mp4,id10283#u3s9xdUlmmk#002068#002339.mp4,0.0
id10292#ENIHEvg_VLM#015900#016008.mp4,id10282#Zbz058o9j6s#004162#004270.mp4,0.0
id10292#57KbI2UvGss#005240#005327.mp4,id10285#m-uILToQ9ss#000695#000826.mp4,0.0
id10282#qkZNuvX1UNo#000420#000641.mp4,id10286#9K2YB1d8BqY#001493#001925.mp4,0.0
id10291#oa10caYOOzk#001144#001623.mp4,id10292#57KbI2UvGss#009063#009162.mp4,0.0
id10282#neQO6_CUY4w#001043#001882.mp4,id10283#r9-0pljhZqs#013743#013963.mp4,0.0
id10292#ENIHEvg_VLM#017962#018071.mp4,id10292#ENIHEvg_VLM#011254#011356.mp4,0.0
id10290#KacOkTDTi-g#000035#000595.mp4,id10282#neQO6_CUY4w#003934#004089.mp4,0.0
id10289#zFii0ROZZjc#002432#002557.mp4,id10283#cmG1DiHm-fM#002612#002723.mp4,0.0
id10291#98qWWArcL3Y#007075#007205.mp4,id10283#h87Y8nir1o0#012592#013069.mp4,0.0
id10292#ENIHEvg_VLM#017145#017319.mp4,id10289#3g9CjhcNEWk#004606#004846.mp4,0.0
id10287#bP0bKbQQlzc#000799#001179.mp4,id10291#iPZGPcrYIZs#001845#001954.mp4,0.0
id10285#FUqAFZmZJ80#006862#007028.mp4,id10282#qkZNuvX1UNo#006234#006454.mp4,0.0
id10289#3g9CjhcNEWk#002484#002710.mp4,id10282#neQO6_CUY4w#002598#002743.mp4,0.0
id10283#cmG1DiHm-fM#005236#005535.mp4,id10287#MHoaMi5hKkE#001008#001291.mp4,0.0
id10290#gTbcgoYXWdU#001513#001814.mp4,id10283#vaK4t1-WD4M#014663#014813.mp4,0.0
id10283#vaK4t1-WD4M#007577#007910.mp4,id10285#bd0jqkNxNdU#003857#004109.mp4,0.0
id10291#oLJhH76d0kU#001745#001888.mp4,id10291#uiBjIKX_0l8#001197#001806.mp4,0.0
id10286#9K2YB1d8BqY#007176#007327.mp4,id10286#DPPq8w5ILrA#003645#003916.mp4,0.0
id10292#57KbI2UvGss#005552#005758.mp4,id10283#r9-0pljhZqs#008373#008488.mp4,0.0
id10283#vaK4t1-WD4M#030267#030426.mp4,id10292#57KbI2UvGss#012697#012848.mp4,0.0
id10283#vaK4t1-WD4M#016286#016718.mp4,id10283#p5g1heXp34o#003739#003945.mp4,0.0
id10291#kt4P4cyTpWQ#007598#007712.mp4,id10291#d2Lasybvo7s#005575#005754.mp4,0.0
id10286#9K2YB1d8BqY#004558#004747.mp4,id10291#kt4P4cyTpWQ#004971#005071.mp4,0.0
id10286#J37FfHHefdc#000631#000751.mp4,id10292#57KbI2UvGss#014693#014830.mp4,0.0
id10286#PlJd6NVoigs#004735#004987.mp4,id10292#ENIHEvg_VLM#015900#016008.mp4,0.0
id10285#FUqAFZmZJ80#008142#008336.mp4,id10283#p3q7Z0O6rgg#001803#001973.mp4,0.0
id10285#m-uILToQ9ss#004267#004374.mp4,id10291#iPZGPcrYIZs#000868#001586.mp4,0.0
id10282#neQO6_CUY4w#000166#000386.mp4,id10281#ni6gO5jDLJE#000584#000815.mp4,0.0
id10283#j8UugkSTzzk#000580#000803.mp4,id10283#u3s9xdUlmmk#000122#000303.mp4,0.0
id10283#oGZsanLiXsY#003740#004102.mp4,id10286#9K2YB1d8BqY#000443#000552.mp4,0.0
id10286#9K2YB1d8BqY#007056#007176.mp4,id10286#9K2YB1d8BqY#007327#007598.mp4,0.0
id10281#ni6gO5jDLJE#005216#005364.mp4,id10292#57KbI2UvGss#005240#005327.mp4,0.0
id10291#4aLg_keiGHw#001702#001895.mp4,id10285#Zdmm9Mrr8Ts#000390#000559.mp4,0.0
id10283#H4mDLFeGpLU#003371#004395.mp4,id10280#XiKRlssBw2M#002515#002899.mp4,0.0
id10283#vaK4t1-WD4M#014822#015172.mp4,id10292#ENIHEvg_VLM#002428#002673.mp4,0.0
id10283#N69Hp2DGMLk#007129#007281.mp4,id10291#4aLg_keiGHw#000871#001068.mp4,0.0
id10283#vaK4t1-WD4M#009812#010091.mp4,id10283#h87Y8nir1o0#012394#012583.mp4,0.0
id10291#TMCTm7GxiDE#000938#001564.mp4,id10283#r9-0pljhZqs#009636#009808.mp4,0.0
id10285#m-uILToQ9ss#006301#006496.mp4,id10283#vv4mvANXHcs#001347#001941.mp4,0.0
id10291#kt4P4cyTpWQ#007143#007287.mp4,id10282#qkZNuvX1UNo#002113#002289.mp4,0.0
id10291#d2Lasybvo7s#002771#003553.mp4,id10289#3g9CjhcNEWk#000935#001219.mp4,0.0
id10283#vv4mvANXHcs#005918#006377.mp4,id10289#8l5ZnDf-FUA#002853#002993.mp4,0.0
id10282#IDA_ElNHLn4#001226#001390.mp4,id10283#j8UugkSTzzk#004924#005462.mp4,0.0
id10291#98qWWArcL3Y#007274#007374.mp4,id10283#vaK4t1-WD4M#000782#000893.mp4,0.0
id10292#57KbI2UvGss#014955#015160.mp4,id10285#FUqAFZmZJ80#019981#020182.mp4,0.0
id10292#ENIHEvg_VLM#012067#012211.mp4,id10283#vaK4t1-WD4M#017800#017906.mp4,0.0
id10283#u3s9xdUlmmk#000122#000303.mp4,id10285#FUqAFZmZJ80#002494#002681.mp4,0.0
id10292#ENIHEvg_VLM#005248#005324.mp4,id10283#H4mDLFeGpLU#001620#001836.mp4,0.0
id10283#j8UugkSTzzk#002396#002699.mp4,id10285#FUqAFZmZJ80#002282#002395.mp4,0.0
id10281#ni6gO5jDLJE#001162#001282.mp4,id10287#bP0bKbQQlzc#003638#003940.mp4,0.0
id10283#vaK4t1-WD4M#021373#021976.mp4,id10283#vaK4t1-WD4M#016892#017089.mp4,0.0
id10292#ENIHEvg_VLM#001690#001771.mp4,id10283#vaK4t1-WD4M#014394#014574.mp4,0.0
id10283#u3s9xdUlmmk#000798#001159.mp4,id10282#OjG2EYFgubs#002893#002993.mp4,0.0
id10281#FL2UicCNcwI#002009#002086.mp4,id10283#vaK4t1-WD4M#004014#004148.mp4,0.0
id10289#sf4uMnkYFG8#006920#007944.mp4,id10291#oLJhH76d0kU#000067#000322.mp4,0.0
id10285#FUqAFZmZJ80#008726#008862.mp4,id10292#57KbI2UvGss#016375#016489.mp4,0.0
id10283#N69Hp2DGMLk#006600#007118.mp4,id10286#mYc2BIS0zWU#001946#002062.mp4,0.0
id10289#Rn0Z_lIiL1w#000852#001047.mp4,id10283#vaK4t1-WD4M#015527#016270.mp4,0.0
id10283#j8UugkSTzzk#003016#003315.mp4,id10291#TMCTm7GxiDE#002960#003224.mp4,0.0
id10291#iPZGPcrYIZs#000495#000824.mp4,id10291#d2Lasybvo7s#000067#000276.mp4,0.0
id10286#J37FfHHefdc#000455#000592.mp4,id10282#neQO6_CUY4w#004095#004226.mp4,0.0
id10283#r9-0pljhZqs#013743#013963.mp4,id10291#4aLg_keiGHw#001702#001895.mp4,0.0
id10291#TMCTm7GxiDE#005396#005650.mp4,id10289#2dD2ZWGfhwc#002584#002693.mp4,0.0
id10283#r9-0pljhZqs#010765#010954.mp4,id10292#57KbI2UvGss#005552#005758.mp4,0.0
id10289#sf4uMnkYFG8#004895#005541.mp4,id10283#gAKHqHbNt2g#018411#018599.mp4,0.0
id10286#DPPq8w5ILrA#002909#003357.mp4,id10281#NHARUN9OhSo#002098#002175.mp4,0.0
id10286#9K2YB1d8BqY#000284#000429.mp4,id10283#arklnCzCq48#006950#007552.mp4,0.0
id10282#qkZNuvX1UNo#001302#001484.mp4,id10291#d2Lasybvo7s#005026#005502.mp4,0.0
id10287#bP0bKbQQlzc#003638#003940.mp4,id10283#cmG1DiHm-fM#001596#001719.mp4,0.0
id10283#p5g1heXp34o#000364#000774.mp4,id10291#98qWWArcL3Y#007075#007205.mp4,0.0
id10281#ni6gO5jDLJE#000045#000170.mp4,id10285#FUqAFZmZJ80#017690#017853.mp4,0.0
id10289#8l5ZnDf-FUA#003737#003869.mp4,id10292#0zvzJa5HOUQ#005552#005758.mp4,0.0
id10281#NHARUN9OhSo#001059#001210.mp4,id10291#TMCTm7GxiDE#005396#005650.mp4,0.0
id10286#isKyMAYUOgg#000581#000782.mp4,id10285#bd0jqkNxNdU#002127#002316.mp4,0.0
id10283#vaK4t1-WD4M#014574#014658.mp4,id10283#arklnCzCq48#002096#002629.mp4,0.0
id10283#vaK4t1-WD4M#031553#031737.mp4,id10291#d2Lasybvo7s#000793#001178.mp4,0.0
id10285#FUqAFZmZJ80#008458#008688.mp4,id10282#Zbz058o9j6s#002664#002764.mp4,0.0
id10289#8l5ZnDf-FUA#002853#002993.mp4,id10292#ENIHEvg_VLM#018132#018308.mp4,0.0
id10285#FUqAFZmZJ80#019664#019961.mp4,id10283#vaK4t1-WD4M#016286#016718.mp4,0.0
id10292#57KbI2UvGss#017459#017610.mp4,id10282#neQO6_CUY4w#002906#003048.mp4,0.0
id10290#jjzisko126k#001017#001182.mp4,id10286#FP4TghS5_UQ#004054#004185.mp4,0.0
id10287#MHoaMi5hKkE#000266#000468.mp4,id10287#bP0bKbQQlzc#000799#001179.mp4,0.0
id10283#vaK4t1-WD4M#007400#007564.mp4,id10282#Zbz058o9j6s#003175#003420.mp4,0.0
id10290#gTbcgoYXWdU#000481#000592.mp4,id10291#oLJhH76d0kU#000946#001054.mp4,0.0
id10283#h87Y8nir1o0#012394#012583.mp4,id10285#m-uILToQ9ss#005850#005975.mp4,0.0
id10283#Ma_3RlzPUOM#003423#003642.mp4,id10290#cIi74VD0LF0#001108#001207.mp4,0.0
id10291#d2Lasybvo7s#004279#004756.mp4,id10283#r9-0pljhZqs#014353#014609.mp4,0.0
id10284#Uzxv7Axh3Z8#019680#019858.mp4,id10286#9K2YB1d8BqY#000284#000429.mp4,0.0
id10283#vaK4t1-WD4M#008441#008650.mp4,id10285#Zdmm9Mrr8Ts#001047#001165.mp4,0.0
id10283#vaK4t1-WD4M#009311#009459.mp4,id10292#0zvzJa5HOUQ#005241#005385.mp4,0.0
id10283#uA1E_38TuTw#002875#002990.mp4,id10283#uA1E_38TuTw#002329#002480.mp4,0.0
id10285#m-uILToQ9ss#005850#005975.mp4,id10283#N69Hp2DGMLk#005931#006184.mp4,0.0
id10283#r9-0pljhZqs#009636#009808.mp4,id10291#kt4P4cyTpWQ#005725#005977.mp4,0.0
id10283#vaK4t1-WD4M#031904#032004.mp4,id10283#vaK4t1-WD4M#006350#006736.mp4,0.0
id10291#d2Lasybvo7s#001885#002323.mp4,id10286#iH0jGPqp3Hc#004715#005000.mp4,0.0
id10291#d2Lasybvo7s#000067#000276.mp4,id10286#isKyMAYUOgg#004636#004965.mp4,0.0
id10287#V0ubcXO71Sg#005153#005311.mp4,id10285#m-uILToQ9ss#000917#001061.mp4,0.0
id10285#m-uILToQ9ss#000917#001061.mp4,id10283#u3s9xdUlmmk#001259#001943.mp4,0.0
id10291#uiBjIKX_0l8#001197#001806.mp4,id10285#FUqAFZmZJ80#016189#016355.mp4,0.0
id10281#NHARUN9OhSo#002209#002570.mp4,id10292#57KbI2UvGss#013030#013309.mp4,0.0
id10291#iPZGPcrYIZs#002071#002715.mp4,id10283#p5g1heXp34o#004025#004216.mp4,0.0
id10283#vv4mvANXHcs#000323#001347.mp4,id10291#d2Lasybvo7s#002771#003553.mp4,0.0
id10284#YN4cTBWM-QE#020799#021121.mp4,id10285#FUqAFZmZJ80#020319#020422.mp4,0.0
id10283#j8UugkSTzzk#003324#004348.mp4,id10291#uiBjIKX_0l8#000793#001178.mp4,0.0
id10283#r9-0pljhZqs#014722#014831.mp4,id10284#YN4cTBWM-QE#021127#021712.mp4,0.0
id10283#rUnfAxF1dJI#001389#001843.mp4,id10286#DPPq8w5ILrA#001643#001896.mp4,0.0
id10285#FUqAFZmZJ80#014249#014381.mp4,id10282#Zbz058o9j6s#003945#004076.mp4,0.0
id10283#r9-0pljhZqs#014864#015079.mp4,id10283#r9-0pljhZqs#015364#015539.mp4,0.0
id10283#cmG1DiHm-fM#002094#002283.mp4,id10283#vaK4t1-WD4M#031904#032004.mp4,0.0
id10291#uiBjIKX_0l8#000067#000277.mp4,id10290#FgJsZ26_AXU#023990#024098.mp4,0.0
id10290#gTbcgoYXWdU#001835#001985.mp4,id10291#TMCTm7GxiDE#002685#002794.mp4,0.0
id10283#p3q7Z0O6rgg#001973#002183.mp4,id10283#vaK4t1-WD4M#030073#030261.mp4,0.0
id10283#u3s9xdUlmmk#002705#003304.mp4,id10292#ENIHEvg_VLM#013118#013201.mp4,0.0
id10289#GIhCMsZrHF0#000963#001096.mp4,id10284#Uzxv7Axh3Z8#019680#019858.mp4,0.0
id10282#neQO6_CUY4w#003934#004089.mp4,id10281#ni6gO5jDLJE#004902#005086.mp4,0.0
id10283#vaK4t1-WD4M#010435#010540.mp4,id10289#3g9CjhcNEWk#004001#004462.mp4,0.0
id10283#N69Hp2DGMLk#006184#006353.mp4,id10283#H4mDLFeGpLU#001840#002218.mp4,0.0
id10285#FUqAFZmZJ80#006074#006271.mp4,id10289#8l5ZnDf-FUA#003737#003869.mp4,0.0
id10291#aQ6uxeakacs#000855#001332.mp4,id10292#ENIHEvg_VLM#009808#009917.mp4,0.0
id10283#vaK4t1-WD4M#016892#017089.mp4,id10283#uA1E_38TuTw#003095#003227.mp4,0.0
id10285#FUqAFZmZJ80#001714#001832.mp4,id10286#0sETQ5nxvf8#001586#001673.mp4,0.0
id10291#aQ6uxeakacs#000109#000585.mp4,id10283#u3s9xdUlmmk#003759#004783.mp4,0.0
id10284#Rzpm9hlXV6I#005604#005821.mp4,id10283#arklnCzCq48#005926#006950.mp4,0.0
id10289#2dD2ZWGfhwc#002584#002693.mp4,id10281#ni6gO5jDLJE#007321#007504.mp4,0.0
id10282#Zbz058o9j6s#000374#000546.mp4,id10282#qkZNuvX1UNo#002389#002522.mp4,0.0
id10291#ibDSPLFJIu0#001082#001731.mp4,id10286#DPPq8w5ILrA#003930#004117.mp4,0.0
id10283#vv4mvANXHcs#004786#005158.mp4,id10291#98qWWArcL3Y#007274#007374.mp4,0.0
id10283#p5g1heXp34o#004568#005005.mp4,id10286#9K2YB1d8BqY#000979#001081.mp4,0.0
id10286#isKyMAYUOgg#000805#000972.mp4,id10286#9K2YB1d8BqY#007176#007327.mp4,0.0
id10284#Rzpm9hlXV6I#008487#008631.mp4,id10286#9K2YB1d8BqY#002331#002614.mp4,0.0
id10283#vaK4t1-WD4M#033547#033715.mp4,id10283#cmG1DiHm-fM#002094#002283.mp4,0.0
id10289#zFii0ROZZjc#000643#000821.mp4,id10286#9K2YB1d8BqY#000781#000963.mp4,0.0
id10283#u3s9xdUlmmk#005241#006005.mp4,id10283#r9-0pljhZqs#002414#002769.mp4,0.0
id10291#98qWWArcL3Y#006340#006642.mp4,id10285#FUqAFZmZJ80#001714#001832.mp4,0.0
id10286#ZAK9gLYNqPs#005256#005448.mp4,id10283#r9-0pljhZqs#007920#008172.mp4,0.0
id10289#3g9CjhcNEWk#004001#004462.mp4,id10287#RfDogGJ-UnM#000900#000988.mp4,0.0
id10292#57KbI2UvGss#010365#010549.mp4,id10280#XiKRlssBw2M#000330#001148.mp4,0.0
id10289#zFii0ROZZjc#001119#001309.mp4,id10291#TMCTm7GxiDE#000527#000706.mp4,0.0
id10283#r9-0pljhZqs#007920#008172.mp4,id10285#FUqAFZmZJ80#006074#006271.mp4,0.0
id10281#FL2UicCNcwI#001150#001267.mp4,id10283#N69Hp2DGMLk#005157#005316.mp4,0.0
id10291#TMCTm7GxiDE#000527#000706.mp4,id10283#h87Y8nir1o0#001401#001522.mp4,0.0
id10289#8l5ZnDf-FUA#007642#007754.mp4,id10291#uiBjIKX_0l8#000297#000704.mp4,0.0
id10287#RfDogGJ-UnM#000988#001052.mp4,id10283#vaK4t1-WD4M#020847#021012.mp4,0.0
id10283#vaK4t1-WD4M#014663#014813.mp4,id10291#TMCTm7GxiDE#002595#002901.mp4,0.0
id10286#isKyMAYUOgg#004429#004634.mp4,id10285#m-uILToQ9ss#005975#006087.mp4,0.0
id10289#3g9CjhcNEWk#001295#001783.mp4,id10292#ENIHEvg_VLM#015542#015783.mp4,0.0
id10285#FUqAFZmZJ80#019981#020182.mp4,id10283#H4mDLFeGpLU#000596#001620.mp4,0.0
id10287#RfDogGJ-UnM#001114#001235.mp4,id10282#Zbz058o9j6s#000374#000546.mp4,0.0
id10283#r9-0pljhZqs#014353#014609.mp4,id10290#gTbcgoYXWdU#004460#004582.mp4,0.0
id10283#vaK4t1-WD4M#008232#008434.mp4,id10292#ENIHEvg_VLM#001690#001771.mp4,0.0
id10289#8l5ZnDf-FUA#000563#000701.mp4,id10283#vaK4t1-WD4M#034732#034919.mp4,0.0
id10282#Zbz058o9j6s#004557#004656.mp4,id10291#iPZGPcrYIZs#003385#003485.mp4,0.0
id10286#9K2YB1d8BqY#002627#002747.mp4,id10290#cIi74VD0LF0#004590#004880.mp4,0.0
id10283#h87Y8nir1o0#001401#001522.mp4,id10292#ENIHEvg_VLM#012067#012211.mp4,0.0
id10283#vv4mvANXHcs#001347#001941.mp4,id10291#kt4P4cyTpWQ#001106#001234.mp4,0.0
id10282#qkZNuvX1UNo#003298#003436.mp4,id10283#vaK4t1-WD4M#010562#010679.mp4,0.0
id10283#r9-0pljhZqs#015364#015539.mp4,id10292#57KbI2UvGss#013987#014099.mp4,0.0
id10283#vaK4t1-WD4M#006350#006736.mp4,id10289#GIhCMsZrHF0#000741#000913.mp4,0.0
id10282#qkZNuvX1UNo#000766#000891.mp4,id10283#H4mDLFeGpLU#002221#002498.mp4,0.0
id10286#isKyMAYUOgg#004636#004965.mp4,id10285#m-uILToQ9ss#003683#004017.mp4,0.0
id10292#ENIHEvg_VLM#001535#001649.mp4,id10282#neQO6_CUY4w#002276#002495.mp4,0.0
id10286#isKyMAYUOgg#010624#010965.mp4,id10291#oa10caYOOzk#000378#000529.mp4,0.0
id10283#H4mDLFeGpLU#002544#002691.mp4,id10283#vaK4t1-WD4M#007577#007910.mp4,0.0
id10283#p3q7Z0O6rgg#000270#000454.mp4,id10283#u3s9xdUlmmk#000798#001159.mp4,0.0
id10281#NHARUN9OhSo#002098#002175.mp4,id10292#ENIHEvg_VLM#009003#009125.mp4,0.0
id10291#uiBjIKX_0l8#000297#000704.mp4,id10289#Fvm877eQSqE#002663#002802.mp4,0.0
id10292#57KbI2UvGss#012310#012443.mp4,id10283#H4mDLFeGpLU#002742#003190.mp4,0.0
id10284#YN4cTBWM-QE#021127#021712.mp4,id10289#3g9CjhcNEWk#001295#001783.mp4,0.0
id10285#m-uILToQ9ss#007090#007351.mp4,id10291#98qWWArcL3Y#007724#008134.mp4,0.0
id10280#XiKRlssBw2M#000330#001148.mp4,id10291#TMCTm7GxiDE#003459#003580.mp4,0.0
id10286#DPPq8w5ILrA#001643#001896.mp4,id10291#kt4P4cyTpWQ#001677#001805.mp4,0.0
id10291#4aLg_keiGHw#002402#002647.mp4,id10283#vaK4t1-WD4M#020502#020710.mp4,0.0
id10286#9K2YB1d8BqY#002906#003075.mp4,id10281#ni6gO5jDLJE#002385#002547.mp4,0.0
id10286#9K2YB1d8BqY#006206#006519.mp4,id10286#J37FfHHefdc#000631#000751.mp4,0.0
id10285#FUqAFZmZJ80#006300#006400.mp4,id10291#kt4P4cyTpWQ#007598#007712.mp4,0.0
id10286#9K2YB1d8BqY#002331#002614.mp4,id10286#9K2YB1d8BqY#005197#005375.mp4,0.0
id10285#bd0jqkNxNdU#001584#002127.mp4,id10283#vaK4t1-WD4M#033547#033715.mp4,0.0
id10281#ni6gO5jDLJE#006024#006145.mp4,id10291#TMCTm7GxiDE#001732#002080.mp4,0.0
id10282#qkZNuvX1UNo#002913#003095.mp4,id10291#d2Lasybvo7s#003706#004155.mp4,0.0
id10283#p3q7Z0O6rgg#001803#001973.mp4,id10283#vaK4t1-WD4M#008232#008434.mp4,0.0
id10283#uA1E_38TuTw#001699#001863.mp4,id10290#gTbcgoYXWdU#000698#001023.mp4,0.0
id10282#Zbz058o9j6s#003175#003420.mp4,id10292#ENIHEvg_VLM#005248#005324.mp4,0.0
id10285#FUqAFZmZJ80#001889#001989.mp4,id10284#Rzpm9hlXV6I#008487#008631.mp4,0.0
id10290#cIi74VD0LF0#003228#003677.mp4,id10292#ENIHEvg_VLM#016288#016407.mp4,0.0
id10285#FUqAFZmZJ80#002282#002395.mp4,id10283#vv4mvANXHcs#005918#006377.mp4,0.0
id10283#r9-0pljhZqs#007271#007498.mp4,id10290#gTbcgoYXWdU#001173#001330.mp4,0.0
id10282#OjG2EYFgubs#002893#002993.mp4,id10283#H4mDLFeGpLU#003371#004395.mp4,0.0
id10283#N69Hp2DGMLk#000519#000619.mp4,id10292#57KbI2UvGss#017459#017610.mp4,0.0
id10283#p5g1heXp34o#002657#003143.mp4,id10285#Zdmm9Mrr8Ts#001165#001497.mp4,0.0
id10283#r9-0pljhZqs#012307#012561.mp4,id10287#4oOmqI1myzY#000381#000729.mp4,0.0
id10285#FUqAFZmZJ80#002895#003020.mp4,id10286#isKyMAYUOgg#007215#007387.mp4,0.0
id10291#iPZGPcrYIZs#000868#001586.mp4,id10283#p3q7Z0O6rgg#001973#002183.mp4,0.0
id10283#vaK4t1-WD4M#021249#021369.mp4,id10283#r9-0pljhZqs#013264#013592.mp4,0.0
id10282#37XQxZ5lBD8#000876#001020.mp4,id10283#r9-0pljhZqs#012307#012561.mp4,0.0
id10287#4oOmqI1myzY#000381#000729.mp4,id10281#NHARUN9OhSo#001059#001210.mp4,0.0
id10291#7lrVxsJOOZ4#005803#005909.mp4,id10285#m-uILToQ9ss#003561#003669.mp4,0.0
id10283#vaK4t1-WD4M#017283#017797.mp4,id10281#NHARUN9OhSo#006609#006906.mp4,0.0
id10285#FUqAFZmZJ80#015959#016068.mp4,id10286#9K2YB1d8BqY#003518#003707.mp4,0.0
id10285#m-uILToQ9ss#001686#001943.mp4,id10291#kt4P4cyTpWQ#005276#005437.mp4,0.0
id10291#d2Lasybvo7s#000793#001178.mp4,id10286#9K2YB1d8BqY#004558#004747.mp4,0.0
id10291#TMCTm7GxiDE#002595#002901.mp4,id10282#IDA_ElNHLn4#001226#001390.mp4,0.0
id10286#iH0jGPqp3Hc#001068#001316.mp4,id10283#gAKHqHbNt2g#017692#018552.mp4,0.0
id10290#gTbcgoYXWdU#001173#001330.mp4,id10289#sf4uMnkYFG8#004895#005541.mp4,0.0
id10291#4aLg_keiGHw#000871#001068.mp4,id10287#bP0bKbQQlzc#003288#003417.mp4,0.0
id10283#arklnCzCq48#002096#002629.mp4,id10289#zFii0ROZZjc#002432#002557.mp4,0.0
id10283#p3q7Z0O6rgg#002183#002402.mp4,id10283#u3s9xdUlmmk#004783#004890.mp4,0.0
id10291#kt4P4cyTpWQ#005725#005977.mp4,id10283#N69Hp2DGMLk#000893#001589.mp4,0.0
id10292#0zvzJa5HOUQ#006644#006760.mp4,id10283#j8UugkSTzzk#000580#000803.mp4,0.0
id10283#vaK4t1-WD4M#016724#016878.mp4,id10292#57KbI2UvGss#011687#011827.mp4,0.0
id10292#57KbI2UvGss#019801#020010.mp4,id10292#ENIHEvg_VLM#017962#018071.mp4,0.0
id10281#NHARUN9OhSo#006912#007284.mp4,id10283#vv4mvANXHcs#006391#007149.mp4,0.0
id10282#qkZNuvX1UNo#003837#004064.mp4,id10283#r9-0pljhZqs#010765#010954.mp4,0.0
